,implant_x_size,implant_y_size,implant_y_origin_depth,roi_norm_x_center,roi_norm_y_center,roi_cyl_x_size,roi_cyl_y_size,roi_cyl_z_size
0,39.505598719156296,57.80199881632154,24.1830963726282,18.984691950843935,-5.263544848320936,14.001187436148895,15.749168618964392,3.6177297867149187
1,39.43266023060272,54.838466877777826,21.381761789961676,17.125366520522938,-7.488094146681872,12.428904477515903,15.722236729957736,3.4916794281420915
2,38.97731510613776,60.41607509191377,26.719364337513717,20.703086577291145,-2.857547748763098,15.756867357977981,15.751453198592312,3.937773535887637
3,39.60513760697696,59.320703260036076,25.61183497270169,19.929315062484495,-4.170089373163591,14.768242829637378,15.765222418185893,3.660418917690794
4,40.07333031167519,53.75908540042319,20.287976099265443,16.35998151239156,-8.797958510844513,11.441013175278501,15.73660249375824,3.210615778113168
5,39.53546690702765,56.355623380533366,22.80867310585364,18.068581559136472,-6.398276116840577,13.193081310685953,15.73839623896413,3.5331376281486064
